"","author","fullauthor","year","title_original","title_clean","journal","doi_url","googleurl","abstract","CovNum","covid","firstauthinst","otherauthinst","allauthinst","coursetitle","implemented","contextmentioned","cure","modality","context","teachpractices","teachpractices_other","context_other","class_size","studlevel","studlevel_other","major","major_other","cov19mention","cov19mention_other","ability.to.apply.the.process.of.science","ability.to.use.quantitative.reasoning","ability.to.use.modeling.and.simulation","ability.to.tap.into.the.interdisciplinary.nature.of.science","ability.to.communicate.and.collaborate.with.other.disciplines","ability.to.understand.the.relationship.between.science.and.society","evolution","structure.and.function","information.flow","pathways.and.transformations.of.energy...matter","systems","notes_course","notes_general","lesstopic","lesslength","lesslength_other","notes_lesson","cs","cs_inclteachtext","other_deipres","notes_dei","vcpres","notes_vc","lgpres","lgpres_other","lgtext","notes_lg","teachtext","notes_teach","assestypes","assestypes_other","assestext","notes_asses","teachmatpres","teachmatloc","notes_mat","difficulty","notes_final"
"1","Chamberlin","Chamberlin, W. Sean",2015,"The Algae in a Bottle Experiment A High Impact Learning Activity","the algae-in-a-bottle experiment: a high-impact learning activity","SERC Peer-reviewed","https://serc.carleton.edu/sp/activities/124605.html","https://drive.google.com/file/d/1bFBHcy68NObUbOfm8dKjzGrvvvn_MJWg/view","The Algae-in-a-Bottle Experiment provides an engaging and flexible high-impact teaching tool for helping students to know, understand, and apply a number of concepts related to the biology and ecology of aquatic plants and their environments. It is also relevant to methods being developed for the use of algae as an alternative energy source, that is, biofuels. The protocols in this experiment can be adapted use as a demonstration activity in one or two class sessions, or as a nature of science, inquiry-based activity over a few to several weeks. The easy-to-obtain and inexpensive materials used in the experiment make it accessible to institutions where resources and space are limited, as long as sunlight or artificial light are available to carry out the experiment. Preliminary results with non-majors enrolled in introductory general education oceanography courses in a community college indicate increased engagement and a high level of enthusiasm for the experiments, and suggest a better knowledge and understanding of the effects of light and nutrients on photosynthesis, and greater appreciation for the nature of science. We believe that the Algae-in-a-Bottle Experiment offers an effective means for improving science literacy and for introducing scientific research to diverse learners from middle school to college.",9526,"","Fullerton College","","Fullerton College","non-majors enrolled in introductory general education oceanography courses","Yes","Yes","No","In-person","Lab","Groupwork; Practicing core competencies; Laboratory activity","","","Not specified","Intro-level (First-year/Sophomore)","","Non-Biology Majors","","No","",TRUE,TRUE,TRUE,TRUE,TRUE,TRUE,TRUE,FALSE,TRUE,TRUE,FALSE,"","","The Algae-in-a-Bottle Experiment provides an engaging and flexible high-impact teaching tool for helping students to know, understand, and apply a number of concepts related to the biology and ecology of aquatic plants and their environments. It is also relevant to methods being developed for the use of algae as an alternative energy source, that is, biofuels. The protocols in this experiment can be adapted use as a demonstration activity in one or two class sessions, or as a nature of science, inquiry-based activity over a few to several weeks. The easy-to-obtain and inexpensive materials used in the experiment make it accessible to institutions where resources and space are limited, as long as sunlight or artificial light are available to carry out the experiment. Preliminary results with non-majors enrolled in introductory general education oceanography courses in a community college indicate increased engagement and a high level of enthusiasm for the experiments, and suggest a better knowledge and understanding of the effects of light and nutrients on photosynthesis, and greater appreciation for the nature of science. We believe that the Algae-in-a-Bottle Experiment offers an effective means for improving science literacy and for introducing scientific research to diverse learners from middle school to college.","Several class/lab periods","","","No","","No Hits","","No","","Yes","","Upon successful completion of this experiment, students will be able to write the equation of photosynthesis and explain how varying conditions of light and nutrients will affect the growth rates of microalgae and the productivity of food webs that depend on them. The level of knowledge (e.g., photosynthesis and respiration, aquatic productivty, seasonal cycles, food webs), skill (data analysis, notebook-keeping, writing, oral presentation, equipment operation), and understanding (critical thinking, synthesis of ideas, model development) depends on the degree of implementation of the experiment, that is, from short and simple to an extended and more in-depth project.
","","The topics and steps outlined in the attached description represent a sequence of discussions and activities that introduce the process of photosynthesis and the factors that affect the growth of algae in aquatic environments. ","","Formative assessment; Paper / report / problem set; Quiz; Not specified; Other","pre/post survey about knowledge and attitudes towards science","Instructors	may	also	wish	to	administer	pre-tests	developed	for	the	algae-in-a-bottle	experiment.	(See	
Appendix.)	Student	attitudes	towards	science	and	student	knowledge	of	photosynthesis	and	algal	(or	
plant)	growth	may	be	assessed	to	gauge	levels	of	enthusiasm	and	levels	of	knowledge	prior	to	the	
activity.	Following	the	experiment,	a	set	of	post-tests	can	be	administered	to	determine	improvements	in	
attitudes	and	understanding,	and	as	a	tool	for	improving	the	way	in	which	the	experiment	is	carried	out

We	encourage	instructors	to	allow	students	to	share	and	interpret	their	results	with	the	rest	of	the	class. Alternatively,	students	may	prepare	PowerPoint	
presentations,	and	submit	them	on	a	USB	drive,	or	they	may	write	up	their	experiments	in	a	laboratory	
report	or	scientific	paper.	We	encourage	instructors	to	focus	on	the	presentation	and	interpretation	of	
the	results	versus	a	proper	accounting	of	methods,	though	this	is	important","not very detailed-- open ended with different suggestions","Yes","Cited as supplemental materials, supporting materials, or in an appendix; Located on an external website","","Difficult ","Not sure about assessments"
"2","Oufiero","Oufiero, Christopher",2021,"Organismal Form and Function Lab","organismal form and function lab","SERC Peer-Reviewed","https://serc.carleton.edu/curenet/collection/244791.html","https://drive.google.com/file/d/1kBhWq38pLLSpsxo3XfabtU5bS6M7Lqkj/view","Invertebrates use movement of their bodies and structures in diverse ways to interact with their environment. This includes general locomotion (e.g., walking, jumping, flying) to specific forms of locomotion (e.g., gliding on water), using limbs to acquire food (e.g., raptorial forelegs in the praying mantis) and using structures to communicate (e.g., cricket calls). These movements have been the focus of bioinspiration studies to understand how these small organisms, with compact nervous systems, are able to achieve their movements. Given the diversity of invertebrates and the lack of information on the variation in their movements, the goals of this course are to understand the variation in invertebrate movement and explore the factors that may affect that variation. In this course, students have the opportunity to develop and test their own research hypotheses associated with variation in the movement of invertebrates. Using high-speed cameras, students are instructed on filming techniques to quantify animal movement, the use of the R programming language to obtain basic kinematics of movement and analyze their data, and the process of science from hypothesis formation to presentation of results. Research questions change each iteration based upon the hypotheses students develop, but the same instructional material and skillsets (e.g., quantifying animal movement) are consistently used. Results from each student group are presented during a departmental wide poster symposium and can be written up for publication, where applicable.",9612,""," Towson University",""," Towson University","""The Organismal Form and Function CURE is a one-semester (16-week) class offered in the Fall to take advantage of the abundant invertebrate fauna at the beginning of the term. The course is designed to accommodate up to 20 students working in groups of 4. The enrollment can be increased if students use their own recording devices (e.g., high-speed cameras on their phones). This course is intended to be at the introductory level to encourage students to gain research experience early. Therefore, it is assumed students only have an introductory biology understanding of the material...


""Target Audience:Introductory, Major, Upper Division
CURE Duration:A full term""","Yes","Yes","Yes ","In-person","Lecture; Lab; Field","Groupwork; Practicing core competencies; Laboratory activity; Field activity","","","0-25","Intro-level (First-year/Sophomore)","","Biology Majors","","No","",TRUE,TRUE,TRUE,FALSE,TRUE,TRUE,FALSE,TRUE,FALSE,FALSE,FALSE,"","","""In this course, students have the opportunity to develop and test their own research hypotheses associated with variation in the movement of invertebrates. Using high-speed cameras, students are instructed on filming techniques to quantify animal movement, the use of the R programming language to obtain basic kinematics of movement and analyze their data, and the process of science from hypothesis formation to presentation of results. Research questions change each iteration based upon the hypotheses students develop, but the same instructional material and skillsets (e.g., quantifying animal movement) are consistently used. Results from each student group are presented during a departmental wide poster symposium and can be written up for publication, where applicable.""","Several class/lab periods","","","No","","""Author Experience
Christopher Oufiero, Towson University

The motivation for this CURE was to provide organismal based research experiences to a larger diversity of students during a full semester. I was motivated by my experiences attending research based classes at field stations, my diverse research program, and the lack of CUREs that incorporated organismal research, biomechanics, evolution and ecology. I wanted to provide students in-class opportunities to formulate a hypothesis, design experiments, collect data, analyze, and present their results within one semester.""","","No","","Yes","","""Student Goals
1. Gain experience in organismal biology with a focus on form, function, and performance relationships
2. Obtain a set of hard (e.g., data collection and analysis) and soft (e.g., time management and group work) skills
3. Experience the scientific process from start to finish, including developing and testing their own hypotheses, presenting results, and obtain ownership of their research

Research Goals
1. Understand the variation in invertebrate movement
2. Determine factors that may affect invertebrate movement, such as morphological and ecological differences""","","Students are instructed in how to use high-speed videos to quantify animal movement from the start of the course. The class collects locally to determine what is available to the students and inspire the students to develop questions regarding animal movement. Given the abundance of invertebrates, but lack of information on variation in their movement, the course provides students the flexibility to design their own hypotheses. ","","Formative assessment; Paper / report / problem set; Presentation; Worksheet; Data (hand in a dataset and/or figure)","","From ""Tasks that Align Student and Research Goals"" section:

""- Curate dataset to be submitted at the end of the semester...
- Complete weekly progress reports...
- Effectively present results in oral and written presentations""

-

""Assessment
More assessment material, including additional assignments and rubrics can be found on the course website: http://wp.towson.edu/off-lab/events/

Scientist Spotlight Assignment (Microsoft Word 2007 (.docx) 14kB Jul20 21)
Progress Report Assignment (Microsoft Word 2007 (.docx) 14kB Jul20 21)
Video, tracking, digitizing assignment (Acrobat (PDF) 106kB Jul20 21)""","","Yes","Cited as supplemental materials, supporting materials, or in an appendix","","Easy",""
